Scholarship_holder,total_student,dropout_rate
0,3325,0.38706766917293234
1,1099,0.12192902638762511
