Gender,total_student,dropout_rate
1,1556,0.4505141388174807
0,2868,0.2510460251046025
