age_group,total_student,dropout_rate
26-30,383,0.597911227154047
>30,662,0.5362537764350453
21-25,828,0.35628019323671495
<=20,2551,0.2124656997255978
